Thread Count,Custom Sort,Collections.sort
1,0.001810200046747923,0.002170500112697482
2,0.0010834001004695892,0.002146200044080615
3,9.779001120477915E-4,0.001970199868083
4,7.904998492449522E-4,0.001966899959370494
5,0.0010343000758439302,0.0018871999345719814
6,8.96400073543191E-4,0.0018953001126646996
7,9.037000127136707E-4,0.0019491000566631556
8,9.335000067949295E-4,0.001932400045916438
