Array Length,Custom Sort,Collections.sort
1,0.001409000004059635,9.139999965555035E-4
2,0.0014860000010230578,7.749999931547791E-4
3,0.0013364000042201951,8.835999979055487E-4
4,0.0031021999966469593,7.086999976309016E-4
5,0.002239900000859052,6.305999995674938E-4
6,0.0024447999967378564,9.067000064533204E-4
7,0.002588100003777072,7.528999994974583E-4
8,0.0022873999987496063,7.294000024558045E-4
