Thread Count,Custom Sort,Collections.sort
1,5.067345899995416,3.9941728999838233
2,2.874611199978972,4.014627500000643
3,2.858153000008315,3.986826000007568
4,2.2202976999979,3.986930500017479
5,2.2378861000179313,3.9991577000182588
6,2.27884919999633,4.045828199974494
7,2.610219900001539,3.9766483000130393
8,2.6458178000175394,3.966920700011542
