Array Length,Custom Sort,Collections.sort
1,0.057327900001837406,0.05086039999878267
2,0.0398332000040682,0.050028600002406165
3,0.031220799995935522,0.054323200005455874
4,0.02201490000152262,0.04182339999533724
5,0.023475400004826952,0.045189800002845004
6,0.0251023000018904,0.04341810000187252
7,0.02540210000006482,0.04221719999623019
8,0.027718999997887295,0.041758999999728985
