Thread Count,Custom Sort,Collections.sort
1,4.843863399990369,3.9038804000010714
2,2.7867311000009067,3.9824216999986675
3,2.7821742999949493,3.939014599978691
4,2.2220912000047974,3.9116862999799196
5,2.222491099993931,3.927619900001446
6,2.20784720001393,3.939017099997727
7,2.606723500008229,3.902914000005694
8,2.562496500002453,3.9463458000100218
