Thread Count,Custom Sort,Collections.sort
1,0.3334562000236474,0.3197334000142291
2,0.1974828999955207,0.30221809999784455
3,0.19859250000445172,0.29739859999972396
4,0.1423658000130672,0.2984979000175372
5,0.14346880000084639,0.2972848000063095
6,0.14161990000866354,0.2983158999995794
7,0.17830290002166294,0.3004463000106625
8,0.15619629999855533,0.29944849997991696
