Thread Count,Custom Sort,Collections.sort
1,0.022905300022102892,0.02478300000075251
2,0.012147000001277775,0.025003899994771928
3,0.012233800021931529,0.02422870000009425
4,0.010926100017968565,0.024129099998390302
5,0.010551400016993284,0.023839400004362687
6,0.010687399975722656,0.02405410000937991
7,0.014198799995938316,0.021495699998922646
8,0.0068208999873604625,0.021470600011525676
