Thread Count,Custom Sort,Collections.sort
1,0.0010454999282956123,8.749999105930328E-4
2,0.0012348999734967947,6.67699845507741E-4
3,0.0012580000329762697,4.026000387966633E-4
4,0.0013067000545561314,4.5510008931159973E-4
5,0.0013239998370409012,4.501999355852604E-4
6,0.0011857000645250082,3.317000810056925E-4
7,0.001249099848791957,3.3870013430714607E-4
8,0.0011166001204401255,3.331000916659832E-4
