Thread Count,Custom Sort,Collections.sort
1,0.0018390000041108578,0.002141700009815395
2,9.980000031646341E-4,0.002221100003225729
3,0.0012425000022631139,0.001941199996508658
4,9.646000107750297E-4,0.0019170000159647316
5,8.5039998521097E-4,0.0018988999945577234
6,8.138999983202666E-4,0.001979099994059652
7,9.904000035021454E-4,0.001930099999299273
8,0.0010062000073958188,0.001977400010218844
