Thread Count,Custom Sort,Collections.sort
1,0.0013197000080253929,7.152999751269817E-4
2,0.0013294999953359365,3.3680000342428684E-4
3,0.0013945999962743372,3.403000009711832E-4
4,0.001253900001756847,3.569999826140702E-4
5,0.0010891999991144985,3.454999823588878E-4
6,0.0012407000176608562,3.460999869275838E-4
7,3.8059998769313097E-4,2.111000067088753E-4
8,6.74000009894371E-4,2.1059997379779816E-4
