Array Length,Custom Sort,Collections.sort
1,0.008756600000197068,0.003656499997305218
2,0.002106100000673905,0.0032876000041142106
3,0.0019834999984595925,0.0034157999980379827
4,0.002159299998311326,0.003935799999453593
5,0.002022100001340732,0.0032454000029247254
6,0.0070947999993222766,0.003704499999003019
7,0.0020607000042218715,0.0034487999946577474
8,0.0024300000004586764,0.0035137999948346987
