Thread Count,Custom Sort,Collections.sort
1,0.022785100154578686,0.02651620004326105
2,0.01137010008096695,0.025668200105428696
3,0.011401700088754296,0.02523940009996295
4,0.008244799915701151,0.025032900040969253
5,0.011265800101682544,0.03057279996573925
6,0.007508300011977553,0.021999800112098455
7,0.09217489999718964,0.022324000019580126
8,0.007161000045016408,0.0225339001044631
