Thread Count,Custom Sort,Collections.sort
1,4.796658599982038,3.8950945001561195
2,2.896114500006661,3.9073948999866843
3,2.8088300998788327,3.898746100021526
4,2.1657438999973238,3.881277099950239
5,2.1474020001478493,3.8812803998589516
6,2.1907573000062257,3.9182492000982165
7,2.478310599923134,3.8924462001305073
8,2.4764950999524444,3.8951117999386042
