Thread Count,Custom Sort,Collections.sort
1,0.3740001998376101,0.3065178000833839
2,0.19113039993681014,0.2925799998920411
3,0.19080440001562238,0.30215869983658195
4,0.14327070000581443,0.29234440019354224
5,0.14871120010502636,0.30601030006073415
6,0.14060800010338426,0.2985327001661062
7,0.17164289997890592,0.30854410002939403
8,0.16536640003323555,0.29932310013100505
