Array Length,Custom Sort,Collections.sort
1,2.502999996067956E-4,2.418000003672205E-4
2,2.749999985098839E-4,1.4430000010179356E-4
3,3.010000000358559E-4,1.1870000162161887E-4
4,4.721000004792586E-4,1.4180000289343297E-4
5,4.922999942209572E-4,1.0140000085812062E-4
6,4.853999998886138E-4,9.62999984039925E-5
7,6.385000015143305E-4,8.70000003487803E-5
8,7.629000028828159E-4,7.900000491645187E-5
