Thread Count,Custom Sort,Collections.sort
1,2.522999420762062E-4,3.5079987719655037E-4
2,2.3319991305470467E-4,1.2610014528036118E-4
3,2.430998720228672E-4,5.4200179874897E-5
4,2.808000426739454E-4,6.610015407204628E-5
5,3.7199980579316616E-4,1.0000006295740604E-4
6,3.562001511454582E-4,6.580003537237644E-5
7,8.762001525610685E-4,6.0300109907984734E-5
8,4.8569985665380955E-4,3.5800039768218994E-5
