Thread Count,Custom Sort,Collections.sort
1,3.242999955546111E-4,1.4200000441633165E-4
2,4.2470000335015357E-4,1.3339999713934958E-4
3,3.7779999547638E-4,3.779999678954482E-5
4,5.20500005222857E-4,1.2769998284056783E-4
5,0.00413820001995191,4.949999856762588E-5
6,6.095999851822853E-4,3.090000245720148E-5
7,0.0015199999907054007,6.33999879937619E-5
8,6.443000165745616E-4,4.859999171458185E-5
