Thread Count,Custom Sort,Collections.sort
1,3.2350001856684685E-4,5.3999945521354675E-5
2,2.818999346345663E-4,5.610007792711258E-5
3,2.0530004985630512E-4,5.1099807024002075E-5
4,2.030001487582922E-4,2.5799963623285294E-5
5,2.1139997988939285E-4,9.999843314290047E-6
6,1.925998367369175E-4,1.8600141629576683E-5
7,2.2909999825060368E-4,2.400018274784088E-5
8,1.7959997057914734E-4,7.00005330145359E-6
