Thread Count,Custom Sort,Collections.sort
1,5.978999834042042E-4,2.6299996534362435E-5
2,5.855000053998083E-4,3.809999907389283E-5
3,1.8659999477677047E-4,2.19999928958714E-5
4,2.9200001154094934E-4,2.8000009479001164E-5
5,1.771999814081937E-4,1.1900003300979733E-5
6,2.662999904714525E-4,8.700008038431406E-6
7,1.8079997971653938E-4,1.8799997633323073E-5
8,2.364999963901937E-4,3.9000005926936865E-6
