Thread Count,Custom Sort,Collections.sort
1,0.0016642999835312366,0.003219699952751398
2,9.735999628901482E-4,0.0030659998301416636
3,0.0010077999904751778,0.002685599960386753
4,9.08000161871314E-4,0.0020061000250279903
5,7.708999328315258E-4,0.0020498998928815126
6,7.327001076191664E-4,0.0019356999546289444
7,8.360999636352062E-4,0.001600499963387847
8,7.215999066829681E-4,0.0015332999173551798
