Thread Count,Custom Sort,Collections.sort
1,0.013803799985907972,0.018086800002492964
2,0.007954000000609085,0.018233599985251203
3,0.007736600004136562,0.01777940001920797
4,0.00519900000654161,0.018009799998253584
5,0.004976600001100451,0.017990799999097362
6,0.005686999997124076,0.018038300011539832
7,0.005714300001272932,0.01790679999976419
8,0.016553000023122877,0.017801900015911087
