Thread Count,Custom Sort,Collections.sort
1,4.033743100007996,2.828599200118333
2,2.1826740000396967,2.841212800005451
3,2.1682390000205487,2.8324943999759853
4,1.66318599996157,2.8369607999920845
5,1.6267204000614583,2.836016000015661
6,1.6126431999728084,2.83121019997634
7,1.9906122998800129,2.8649094998836517
8,1.8673340999521315,2.7026774999685585
