Thread Count,Custom Sort,Collections.sort
1,0.2387393000535667,0.261390799889341
2,0.15582870016805828,0.2391458998899907
3,0.13489839993417263,0.2374308998696506
4,0.0980513000395149,0.24574839998967946
5,0.09492820012383163,0.2386372999753803
6,0.09303639992140234,0.2434370000846684
7,0.10912119993008673,0.23872339981608093
8,0.09232429997064173,0.250066899927333
