Thread Count,Custom Sort,Collections.sort
1,3.988197200000286,2.885032799997134
2,2.225612700014608,2.845190399995772
3,2.237432900001295,2.6686978000216186
4,1.6745179999852553,2.689197300001979
5,1.6071673999831546,2.697758199996315
6,1.5671463000180665,2.681422499998007
7,1.9753710000077263,2.7079402999952435
8,1.84159960001125,2.7088983000139706
