Array Length,Custom Sort,Collections.sort
1,0.41780070000095293,0.3667681000006269
2,0.28447070000402164,0.36094719999528024
3,0.2757579999961308,0.36618540000199573
4,0.22969210000155726,0.35926959999778774
5,0.22127929999987828,0.3613519999998971
6,0.2369223999994574,0.36132090000319295
7,0.28967350000311853,0.3522317999959341
8,0.2714791000034893,0.3639958999992814
