Thread Count,Custom Sort,Collections.sort
1,3.9499998092651367E-4,4.118999931961298E-4
2,6.228999700397253E-4,3.263000398874283E-4
3,6.033999379724264E-4,2.739999908953905E-4
4,5.66400121897459E-4,2.590999938547611E-4
5,7.175998762249947E-4,2.8609996661543846E-4
6,6.45000021904707E-4,2.8259982354938984E-4
7,5.689999088644981E-4,2.576999831944704E-4
8,6.611999124288559E-4,2.4860003031790257E-4
