Thread Count,Custom Sort,Collections.sort
1,0.0017758999892976135,0.0022213000047486275
2,0.0010271999926771969,0.002282100002048537
3,8.272999839391559E-4,0.002337799989618361
4,8.062999986577779E-4,0.0024095000117085874
5,8.193999819923192E-4,0.002388799999607727
6,6.83299993397668E-4,0.002227699995273724
7,7.428000099025667E-4,0.0021474999957717955
8,7.369999948423356E-4,0.0018971000099554658
