Array Length,Custom Sort,Collections.sort
1,8.278647699997236,4.551366399995459
2,4.876126600000134,4.480327899997064
3,4.784233900005347,4.504849099997955
4,4.0248727000071085,4.384550799994031
5,3.947906999994302,4.600799499996356
6,4.14051190000464,4.571092400001362
7,5.046333699996467,4.480930300000182
8,4.86511800000153,4.415487199999916
