Array Length,Custom Sort,Collections.sort
1,5.15899999300018E-4,5.213999975239858E-4
2,0.001330399994913023,3.4669999877223745E-4
3,0.0016232000052696094,2.8310000197961926E-4
4,0.0012361999979475513,2.7769999724114314E-4
5,0.0010275999957229942,2.721999990171753E-4
6,7.857999953557737E-4,2.5150000146823004E-4
7,9.49699999182485E-4,3.724000052898191E-4
8,0.001782300001650583,3.1319999834522605E-4
