Thread Count,Custom Sort,Collections.sort
1,0.00333810001029633,0.004264799994416535
2,0.0012057000130880624,0.001722199987852946
3,0.0011726999946404248,0.0016644999850541353
4,8.594999962951988E-4,0.0017789000121410936
5,7.45099998312071E-4,0.001789200003258884
6,7.218999962788075E-4,0.0017571999924257398
7,8.04400013294071E-4,0.001745599991409108
8,7.528999994974583E-4,0.0017791999853216112
