Thread Count,Custom Sort,Collections.sort
1,4.710000066552311E-4,6.514999840874225E-4
2,7.948999991640449E-4,6.281000096350908E-4
3,7.51299987314269E-4,4.4609999167732894E-4
4,7.068999984767288E-4,4.253000079188496E-4
5,7.826999935787171E-4,4.1149999015033245E-4
6,7.063999946694821E-4,2.8520001797005534E-4
7,6.551000114995986E-4,4.0350001654587686E-4
8,7.250999915413558E-4,4.0869999793358147E-4
