Thread Count,Custom Sort,Collections.sort
1,0.013415200170129538,0.017711599823087454
2,0.007488299859687686,0.01779020018875599
3,0.0074090000707656145,0.0178207999560982
4,0.005200900137424469,0.01765149994753301
5,0.0053981998935341835,0.017848099814727902
6,0.005436599953100085,0.018322000047191978
7,0.008049400057643652,0.01785019994713366
8,0.014351099962368608,0.017457099864259362
