Thread Count,Custom Sort,Collections.sort
1,0.26582920001237653,0.2434359999897424
2,0.13356190000195056,0.23941359997843392
3,0.133353499986697,0.24438129999907687
4,0.09677639999426901,0.24722989997826517
5,0.09280189999844879,0.2379073000047356
6,0.09456110000610352,0.24270010000327602
7,0.11226510000415146,0.23762430000351742
8,0.091801900009159,0.2340900999843143
