Thread Count,Custom Sort,Collections.sort
1,1.5150001854635775E-4,2.0650000078603625E-4
2,1.8689999706111848E-4,2.0340000628493726E-4
3,2.5419998564757407E-4,8.590001380071044E-5
4,3.473000251688063E-4,7.219999679364264E-5
5,3.886000195052475E-4,7.849998655728996E-5
6,2.773999876808375E-4,4.33000095654279E-5
7,3.7399999564513564E-4,4.060001811012626E-5
8,4.416000156197697E-4,3.2499985536560416E-5
