Thread Count,Custom Sort,Collections.sort
1,1.574999187141657E-4,1.9950000569224358E-4
2,2.125999890267849E-4,1.0429997928440571E-4
3,4.010999109596014E-4,7.919990457594395E-5
4,3.1199981458485126E-4,8.699996396899223E-5
5,3.1519983895123005E-4,3.6800047382712364E-5
6,3.4060003235936165E-4,7.30000901967287E-5
7,4.1550002060830593E-4,4.200008697807789E-5
8,4.4570001773536205E-4,3.220001235604286E-5
