Thread Count,Custom Sort,Collections.sort
1,3.543999046087265E-4,5.6399963796138763E-5
2,2.720998600125313E-4,3.360002301633358E-5
3,2.093000803142786E-4,2.510007470846176E-5
4,2.0330003462731838E-4,2.940022386610508E-5
5,1.6709999181330204E-4,1.5700003132224083E-5
6,1.8480001017451286E-4,1.2600095942616463E-5
7,1.6029994003474712E-4,6.400048732757568E-6
8,1.5210011042654514E-4,4.299916326999664E-6
