Array Length,Custom Sort,Collections.sort
1,3.6950000503566116E-4,1.3999997463542968E-5
2,2.2780000290367752E-4,8.479999814881012E-5
3,2.40100001974497E-4,3.029999788850546E-5
4,2.905000001192093E-4,3.609999839682132E-5
5,2.2449999960372224E-4,3.3299998904112726E-5
6,2.023999986704439E-4,1.3999997463542968E-5
7,2.128000051015988E-4,1.1900003300979733E-5
8,2.386999985901639E-4,5.000001692678779E-6
