Thread Count,Custom Sort,Collections.sort
1,3.701999958138913E-4,2.6599998818710446E-5
2,2.486000012140721E-4,2.1499989088624716E-5
3,3.200000210199505E-4,3.860000288113952E-5
4,2.1850000484846532E-4,6.550000398419797E-5
5,1.7359998309984803E-4,1.5900004655122757E-5
6,1.6480000340379775E-4,1.4099990949034691E-5
7,1.6300001880154014E-4,6.100017344579101E-6
8,1.6150000737980008E-4,5.499983672052622E-6
