Thread Count,Custom Sort,Collections.sort
1,0.0011437000066507608,0.0018407000170554966
2,9.017999982461333E-4,0.0017598000122234225
3,7.956000044941902E-4,0.0019046000088565052
4,0.0015159000176936388,0.0017822999798227102
5,6.76499999826774E-4,0.0016110000142361969
6,5.523000145331025E-4,0.001760399987688288
7,6.227999983821064E-4,0.0018771000031847507
8,8.456000068690628E-4,0.001820699981180951
