Thread Count,Custom Sort,Collections.sort
1,0.0014684000052511692,0.0018532999965827912
2,9.082999895326793E-4,0.0018137999868486077
3,0.0010183000122196972,0.001896300003863871
4,0.0021861999994143844,0.001753299991833046
5,0.0010193000198341906,0.0016645000141579658
6,0.0010272000217810273,0.0015253000019583851
7,0.0012011999788228422,0.0016585999983362854
8,0.0011162000009790063,0.0015762000111863017
