Thread Count,Custom Sort,Collections.sort
1,0.009402599884197116,0.015944999875500798
2,0.005073599983006716,0.013625600142404437
3,0.006556800100952387,0.013599200174212456
4,0.0032049999572336674,0.01362930005416274
5,0.0028564000967890024,0.013755299849435687
6,0.003123600035905838,0.013628700049594045
7,0.0034568998962640762,0.013721700059249997
8,0.0035059999208897352,0.013647799845784903
