Thread Count,Custom Sort,Collections.sort
1,2.334426399989752,1.407590099988738
2,1.1532683000259567,1.4030932000023313
3,1.1357515000272542,1.4077453000063542
4,0.7310466000053566,1.3986965000221971
5,0.666012999980012,1.4004150000109803
6,0.7272471000032965,1.395139600004768
7,0.7758412999974098,1.40640340000391
8,0.7499058999819681,1.3959770999790635
