Thread Count,Custom Sort,Collections.sort
1,0.17705479898722842,0.14776449999772012
2,0.13668940000934526,0.14809949899790809
3,0.12713760003680363,0.14748010103357956
4,0.09200410096673295,0.14934109902242199
5,0.09137640101835132,0.15010539902141318
6,0.10323279903968796,0.14943009900161996
7,0.111839700024575,0.1496574990451336
8,0.11147089896257967,0.1497611000086181
