Array Length,Custom Sort,Collections.sort
1,0.24966719999792986,0.1554316999972798
2,0.1517810000004829,0.15236359999835258
3,0.19370360000175424,0.15231340000173077
4,0.09474549999868032,0.1530540000021574
5,0.08905649999360321,0.1515196999971522
6,0.08989410000503995,0.15292340000451077
7,0.24095010000019101,0.15420100000483217
8,0.09357859999727225,0.33349599999928614
