Thread Count,Custom Sort,Collections.sort
1,0.1803407000261359,0.1475081999960821
2,0.14087950001703575,0.146757600014098
3,0.11414069999591447,0.14611549998517148
4,0.10558940001646988,0.14772520001861267
5,0.06510199999320321,0.14724789999308996
6,0.09378550000838004,0.14619900000980124
7,0.0773738999851048,0.17657439998583868
8,0.07355760000064038,0.14690279998467304
