Thread Count,Custom Sort,Collections.sort
1,2.3094137989683077,1.381302300025709
2,1.132721500005573,1.380257699987851
3,1.173354999977164,1.3925014000269584
4,0.7223782999790274,1.3911546010058373
5,0.7890464999945834,1.4026071990374476
6,0.7569060990354046,1.3766415990539826
7,0.7991591999889351,1.3852366000064649
8,0.771992499998305,1.3808245000545867
