Thread Count,Custom Sort,Collections.sort
1,0.18231939990073442,0.15212520002387464
2,0.08820040011778474,0.14543509995564818
3,0.15683189989067614,0.16911940020509064
4,0.08101719990372658,0.14366109995171428
5,0.08370420010760427,0.18624199996702373
6,0.08515099994838238,0.14588289987295866
7,0.1100246999412775,0.14696460007689893
8,0.06961919995956123,0.1465960000641644
