Thread Count,Custom Sort,Collections.sort
1,2.356001641601324E-4,3.0519999563694E-4
2,0.001812600065022707,3.288998268544674E-4
3,7.151002064347267E-4,3.345001023262739E-4
4,6.148000247776508E-4,3.2739993184804916E-4
5,5.453999619930983E-4,2.6130001060664654E-4
6,5.767999682575464E-4,2.3660017177462578E-4
7,3.45699954777956E-4,2.205998171120882E-4
8,3.6239996552467346E-4,2.474000211805105E-4
