Thread Count,Custom Sort,Collections.sort
1,0.0014518999960273504,0.0020321999909356236
2,6.457009585574269E-4,0.0018834000220522285
3,8.277000160887837E-4,0.001832999987527728
4,0.0015642999787814915,0.0018737000063993037
5,6.12900999840349E-4,0.0015242000226862729
6,7.022999925538898E-4,0.00149940000846982
7,7.957000052556396E-4,0.001573899993672967
8,6.502000032924116E-4,0.0015588999958708882
