Thread Count,Custom Sort,Collections.sort
1,2.332633899990469,1.3928708000166807
2,1.1504369999747723,1.3863043999881484
3,1.1302355999941938,1.3928275000071153
4,0.736281899997266,1.3905270999821369
5,0.7199454000219703,1.3911423000099603
6,0.6831655999994837,1.3886784000205807
7,0.7697002999775577,1.3830867999931797
8,0.8004936999932397,1.3808150999830104
