Thread Count,Custom Sort,Collections.sort
1,0.008790799998678267,0.01573460001964122
2,0.0051127009792253375,0.013654900947585702
3,0.005180299980565906,0.01355520001379773
4,0.0033264010562561452,0.01356260001193732
5,0.003335400018841028,0.013569600007031113
6,0.00305569899501279,0.013550401024986058
7,0.0034624999971129,0.01354500005254522
8,0.003208300971891731,0.013527399976737797
