Thread Count,Custom Sort,Collections.sort
1,0.001285600010305643,0.0026003990205936134
2,9.902000310830772E-4,0.0017548000323586166
3,7.319999858736992E-4,0.0016330999787896872
4,0.0019868999952450395,0.001888300001155585
5,6.97799026966095E-4,0.0016785010229796171
6,5.623999750241637E-4,0.0019680990371853113
7,8.115009986795485E-4,0.0018474990501999855
8,8.656990248709917E-4,0.001800600963179022
