Thread Count,Custom Sort,Collections.sort
1,6.279000081121922E-4,3.080999886151403E-4
2,6.529999955091625E-4,3.400999994482845E-4
3,3.859999997075647E-4,3.3840001560747623E-4
4,6.475000118371099E-4,3.2950000604614615E-4
5,8.079999824985862E-4,2.978999982587993E-4
6,5.529999907594174E-4,3.367000026628375E-4
7,8.965999877545983E-4,3.105000068899244E-4
8,6.416999967768788E-4,2.1040000137872994E-4
