Thread Count,Custom Sort,Collections.sort
1,0.1808000000019092,0.14476460000150837
2,0.13721059999079444,0.1456383999902755
3,0.12326150000444613,0.1460879000078421
4,0.10425449998001568,0.14821139999548905
5,0.06732610001927242,0.14666910000960343
6,0.0997796000156086,0.14584880002075806
7,0.07697530000586994,0.17940170000656508
8,0.06283740000799298,0.14554900000803173
