Thread Count,Custom Sort,Collections.sort
1,0.008888299984391779,0.016097400017315522
2,0.005455400008941069,0.013774200022453442
3,0.005120599991641939,0.013653700007125735
4,0.0038038000056985766,0.013615800009574741
5,0.003274100017733872,0.013563599990447983
6,0.0030095999827608466,0.013567799993325025
7,0.003332899999804795,0.013502099987817928
8,0.0033934999955818057,0.013600600010249764
