Thread Count,Custom Sort,Collections.sort
1,0.009048699983395636,0.01666629998362623
2,0.006724700011545792,0.013767800002824515
3,0.0055041000014171,0.013751200021943077
4,0.0033930000208783895,0.013771800004178658
5,0.002949399990029633,0.013543099979870021
6,0.003369299985934049,0.0138528999814298
7,0.0031005000055301934,0.013691800006199628
8,0.0030377999937627465,0.01364689998445101
