Thread Count,Custom Sort,Collections.sort
1,5.499999970197678E-4,5.544000014197081E-4
2,5.21100009791553E-4,2.964999875985086E-4
3,6.09199982136488E-4,2.87900009425357E-4
4,6.428000051528215E-4,2.5599999935366213E-4
5,6.689000001642853E-4,3.0640000477433205E-4
6,7.488999981433153E-4,3.2289998489432037E-4
7,6.544000061694533E-4,2.9129997710697353E-4
8,6.652000010944903E-4,2.0959999528713524E-4
