Thread Count,Custom Sort,Collections.sort
1,4.216000088490546E-4,3.053999971598387E-4
2,4.89999947603792E-4,3.01501015201211E-4
3,3.380000125616789E-4,2.8899998869746923E-4
4,5.713989958167076E-4,2.7640099870041013E-4
5,5.852000322192907E-4,2.6569998590275645E-4
6,5.193999968469143E-4,2.4500000290572643E-4
7,6.538999732583761E-4,2.191990497522056E-4
8,6.812999490648508E-4,2.1949998335912824E-4
