Thread Count,Custom Sort,Collections.sort
1,2.3144956999458373,1.3934001000598073
2,1.148560900008306,1.3975490999873728
3,1.1622484000399709,1.3974552999716252
4,0.723937900038436,1.4027422999497503
5,0.7852435000240803,1.3952794999349862
6,0.6672592000104487,1.3721523000858724
7,0.7676851998548955,1.3718777999747545
8,0.8239062000066042,1.3748876000754535
