Thread Count,Custom Sort,Collections.sort
1,1.8040096620097756E-4,6.960000609979033E-5
2,3.347000456415117E-4,4.689994966611266E-5
3,1.9000103930011392E-4,3.8700003642588854E-5
4,2.85400019492954E-4,3.2499025110155344E-5
5,3.4420000156387687E-4,2.9800052288919687E-5
6,2.8429896337911487E-4,3.3800024539232254E-5
7,2.859000233002007E-4,3.189902054145932E-5
8,3.000989672727883E-4,2.5201006792485714E-5
