Thread Count,Custom Sort,Collections.sort
1,2.607999776955694E-4,8.759999764151871E-5
2,3.0519999563694E-4,3.510000533424318E-5
3,1.9509997218847275E-4,2.9600021662190557E-5
4,2.2330001229420304E-4,4.6600005589425564E-5
5,2.5170002481900156E-4,5.679999594576657E-5
6,2.8199999360367656E-4,3.37999954354018E-5
7,4.2949998169206083E-4,3.029999788850546E-5
8,5.089000042062253E-4,2.8000009479001164E-5
