Thread Count,Custom Sort,Collections.sort
1,2.2320006974041462E-4,5.759997293353081E-5
2,2.1980004385113716E-4,3.120000474154949E-5
3,2.02300027012825E-4,5.230004899203777E-5
4,3.119001630693674E-4,4.019984044134617E-5
5,2.762000076472759E-4,4.630000330507755E-5
6,2.8629996813833714E-4,3.9899954572319984E-5
7,3.8679991848766804E-4,3.4700147807598114E-5
8,3.439001739025116E-4,3.300001844763756E-5
