Thread Count,Custom Sort,Collections.sort
1,2.508999896235764E-4,9.660000796429813E-5
2,3.0139999580569565E-4,5.529998452402651E-5
3,2.4579997989349067E-4,2.8400012524798512E-5
4,3.7230001180432737E-4,4.7299981815740466E-5
5,3.391000209376216E-4,3.0399998649954796E-5
6,3.431999939493835E-4,4.81999886687845E-5
7,4.937000048812479E-4,3.239998477511108E-5
8,5.473000055644661E-4,4.809998790733516E-5
