Array Length,Custom Sort,Collections.sort
1,2.583999958005734E-4,8.649999654153362E-5
2,2.9290000384207815E-4,6.500000017695129E-5
3,4.3340000411262736E-4,7.170000026235357E-5
4,3.4550000418676063E-4,6.299999949987978E-5
5,4.648000031011179E-4,6.509999366244301E-5
6,4.6160000056261197E-4,6.72999958624132E-5
7,5.543000006582588E-4,7.48999955249019E-5
8,6.807999961893074E-4,6.189999839989468E-5
