Thread Count,Custom Sort,Collections.sort
1,0.0013980999938212335,1.1550000635907054E-4
2,2.1119997836649418E-4,1.09999964479357E-5
3,1.8569998792372644E-4,4.5000051613897085E-6
4,2.2200000239536166E-4,5.799985956400633E-6
5,1.592000189702958E-4,4.499976057559252E-6
6,1.8079997971653938E-4,6.100017344579101E-6
7,1.7559999832883477E-4,1.2900010915473104E-5
8,2.778999914880842E-4,5.80001506023109E-6
