Thread Count,Custom Sort,Collections.sort
1,0.0017251010285690427,1.0259996633976698E-4
2,1.7250096425414085E-4,6.89999433234334E-6
3,2.1520000882446766E-4,4.099973011761904E-6
4,2.4720095098018646E-4,4.898989573121071E-6
5,1.3610004680231214E-4,4.099973011761904E-6
6,1.572990440763533E-4,5.800975486636162E-6
7,1.7040001694113016E-4,5.699985194951296E-6
8,1.8259999342262745E-4,5.799985956400633E-6
