Thread Count,Custom Sort,Collections.sort
1,0.001481599872931838,1.642999704927206E-4
2,2.0789983682334423E-4,6.300164386630058E-6
3,1.7729983665049076E-4,5.499925464391708E-6
4,2.2229994647204876E-4,8.299946784973145E-6
5,1.6400008462369442E-4,6.00004568696022E-6
6,1.7120013944804668E-4,5.90016134083271E-6
7,1.726001501083374E-4,6.00004568696022E-6
8,1.6449997201561928E-4,5.600042641162872E-6
