Thread Count,Custom Sort,Collections.sort
1,0.0015973999979905784,1.221999991685152E-4
2,1.6110000433400273E-4,9.69998654909432E-6
3,1.5810001059435308E-4,4.7000066842883825E-6
4,2.3809997946955264E-4,5.4000120144337416E-6
5,1.7670000670477748E-4,6.100017344579101E-6
6,1.9069999689236283E-4,5.599984433501959E-6
7,1.6719999257475138E-4,5.600013537332416E-6
8,1.5269999857991934E-4,5.5000127758830786E-6
