Array Length,Custom Sort,Collections.sort
1,1.4570000348612666E-4,5.1399998483248055E-5
2,2.766999969026074E-4,2.9199996788520366E-5
3,1.7950000619748607E-4,2.0799998310394585E-5
4,3.150000047753565E-4,4.839999746764079E-5
5,3.3799999800976366E-4,2.0799998310394585E-5
6,4.5899999531684443E-4,1.7799997294787318E-5
7,6.189999985508621E-4,3.040000592591241E-5
8,7.213999997475185E-4,3.100000321865082E-5
