Thread Count,Custom Sort,Collections.sort
1,2.5049992837011814E-4,1.4160014688968658E-4
2,2.3040012456476688E-4,1.362999901175499E-4
3,2.3710005916655064E-4,1.4260015450417995E-4
4,2.5120005011558533E-4,1.409999094903469E-4
5,3.3279997296631336E-4,1.4819996431469917E-4
6,2.9990007169544697E-4,1.395998988300562E-4
7,3.35899880155921E-4,1.3689999468624592E-4
8,3.596001770347357E-4,1.4230003580451012E-4
