Thread Count,Custom Sort,Collections.sort
1,0.0011934000067412853,0.0015680999786127359
2,0.0010771000233944505,0.0015534000121988356
3,0.0010437000019010156,0.0015637999749742448
4,7.123000104911625E-4,0.0016112000157590955
5,6.462000019382685E-4,0.0015628999972250313
6,9.270999871660024E-4,0.0016236999945249408
7,7.343000033870339E-4,0.001586500002304092
8,0.0012048000062350184,0.0015783999988343567
