Thread Count,Custom Sort,Collections.sort
1,0.015084899991052225,0.01902539998991415
2,0.008126000000629574,0.019100499979685992
3,0.008233500004280359,0.019141700002364814
4,0.005955600005108863,0.019027399976039305
5,0.006499199982499704,0.019036199984839186
6,0.005526799999643117,0.01914819999365136
7,0.006746800005203113,0.01924029999645427
8,0.006708400003844872,0.019031600008020177
