Thread Count,Custom Sort,Collections.sort
1,4.634639700001571,3.8488424999814015
2,2.7421341000008397,3.8924852999916766
3,2.703810800012434,3.86815339999157
4,2.2459426000132225,3.884172900026897
5,2.036823700007517,3.691516499995487
6,2.1412572999834083,3.894353300012881
7,2.686282900016522,3.746792199992342
8,2.357431099982932,3.741253299987875
