Thread Count,Custom Sort,Collections.sort
1,0.0012960000894963741,0.001577500021085143
2,0.001063500065356493,0.0015798998065292835
3,8.336999453604221E-4,0.001596400048583746
4,8.337998297065496E-4,0.0016244000289589167
5,7.90199963375926E-4,0.0016061000060290098
6,7.287000771611929E-4,0.0016163999680429697
7,8.771000429987907E-4,0.0015815000515431166
8,7.970998995006084E-4,0.0016103999223560095
