Thread Count,Custom Sort,Collections.sort
1,0.28944459999911487,0.2651154000777751
2,0.1618701999541372,0.265824600122869
3,0.1513654999434948,0.26349350018426776
4,0.11595139978453517,0.26366860000416636
5,0.12782930000685155,0.25820000004023314
6,0.115675900131464,0.27001730003394186
7,0.14614890003576875,0.2625389997847378
8,0.1275891000404954,0.2671876000240445
