Thread Count,Custom Sort,Collections.sort
1,0.001292700006160885,0.001575400005094707
2,9.923000179696828E-4,0.0017069000168703496
3,8.223999757319689E-4,0.001574499998241663
4,0.0010717999830376357,0.0017695999995339662
5,9.361999982502311E-4,0.0016028000100050122
6,8.809999853838235E-4,0.0015974999987520278
7,9.482000023126602E-4,0.001571700006024912
8,7.54699984099716E-4,0.0016055000014603138
