Thread Count,Custom Sort,Collections.sort
1,4.330086499918252,3.6332133999094367
2,2.4854753999970853,3.6562577998265624
3,2.4979326999746263,3.6302734001073986
4,2.1763307000510395,3.6742036000359803
5,2.031395399942994,3.6064545998815447
6,2.061239599948749,3.6042963000945747
7,2.469570799963549,3.6213338000234216
8,2.3468145998194814,3.6685725999996066
