Thread Count,Custom Sort,Collections.sort
1,0.01673960010521114,0.019097200129181147
2,0.010434099938720465,0.019119500182569027
3,0.013938299845904112,0.018644200172275305
4,0.00711630005389452,0.01899529993534088
5,0.006522799842059612,0.018891100073233247
6,0.006391499890014529,0.018816800089553
7,0.006449999986216426,0.019045300083234906
8,0.00563020003028214,0.019365399843081832
