Array Length,Custom Sort,Collections.sort
1,0.026979299997037742,0.02815589999954682
2,0.013488900003721938,0.02586120000341907
3,0.015220199995383155,0.026806899993971456
4,0.008984800006146543,0.02746140000090236
5,0.011636399998678826,0.025667099995189346
6,0.009465800001635216,0.028072100001736544
7,0.014831000000413042,0.02737439999327762
8,0.012872200000856537,0.026292199996532872
