Array Length,Custom Sort,Collections.sort
1,0.4895381999958772,0.4216840000008233
2,0.3048202999998466,0.4206294000032358
3,0.3021703999984311,0.4214540000029956
4,0.27126200000202516,0.46560199999657925
5,0.3734946000040509,0.4677233999973396
6,0.2866442000013194,0.42764080000051763
7,0.4016221999991103,0.4252956999989692
8,0.3726544000019203,0.4354992000007769
