Thread Count,Custom Sort,Collections.sort
1,0.2913556999992579,0.25444240000797436
2,0.15688379999483004,0.25807959999656305
3,0.15713159998995252,0.25517129999934696
4,0.11337139998795465,0.25389829999767244
5,0.11890870000934228,0.26034510001773015
6,0.11181180001585744,0.2656851999927312
7,0.1307434999907855,0.2607660999929067
8,0.1406540999887511,0.25919290000456385
