Thread Count,Custom Sort,Collections.sort
1,1.5320000238716602E-4,1.5269999857991934E-4
2,1.8100001034326851E-4,1.407999952789396E-4
3,1.5789997996762395E-4,1.2810001499019563E-4
4,2.0379998022690415E-4,1.4879999798722565E-4
5,2.28899996727705E-4,1.416000013705343E-4
6,2.167999919038266E-4,1.3929998385719955E-4
7,2.699000178836286E-4,1.4519999967887998E-4
8,3.2759999157860875E-4,1.4210000517778099E-4
