Thread Count,Custom Sort,Collections.sort
1,1.3550001312978566E-4,1.4199991710484028E-5
2,1.343000039923936E-4,1.0800024028867483E-5
3,9.970000246539712E-5,1.3299984857439995E-5
4,1.8939998699352145E-4,1.4199991710484028E-5
5,2.2640000679530203E-4,1.1900003300979733E-5
6,2.415000053588301E-4,1.2900010915473104E-5
7,2.8890001703985035E-4,1.2400007108226418E-5
8,3.1820000731386244E-4,1.3100012438371778E-5
