Thread Count,Custom Sort,Collections.sort
1,1.3230019249022007E-4,1.1299969628453255E-5
2,1.5380000695586205E-4,1.9300030544400215E-5
3,1.6140006482601166E-4,9.09995287656784E-6
4,2.384998369961977E-4,1.1799857020378113E-5
5,2.95999925583601E-4,1.4599878340959549E-5
6,2.73900106549263E-4,1.0400079190731049E-5
7,3.5660015419125557E-4,1.300009898841381E-5
8,3.440999425947666E-4,1.8799910321831703E-5
