Thread Count,Custom Sort,Collections.sort
1,2.117999829351902E-4,2.5999906938523054E-6
2,2.1460000425577164E-4,1.8999853637069464E-6
3,2.1070000366307795E-4,1.500011421740055E-6
4,2.6920001255348325E-4,1.5999830793589354E-6
5,1.45800004247576E-4,1.100008375942707E-6
6,1.0400000610388815E-4,1.100008375942707E-6
7,1.1490000179037452E-4,1.4999823179095984E-6
8,1.314000110141933E-4,1.200009137392044E-6
