Array Length,Custom Sort,Collections.sort
1,3.3099999564001337E-4,2.0300001779105514E-5
2,2.3049999435897917E-4,7.90000194683671E-6
3,2.1360000391723588E-4,1.700005668681115E-6
4,2.269000033265911E-4,3.6999990697950125E-6
5,1.8929999350802973E-4,1.4999968698248267E-6
6,1.7890000162879005E-4,1.7999991541728377E-6
7,1.7700000171316788E-4,3.4000040614046156E-6
8,1.8319999799132347E-4,1.6999983927235007E-6
