Thread Count,Custom Sort,Collections.sort
1,2.538999542593956E-4,2.800021320581436E-6
2,2.234000712633133E-4,2.100132405757904E-6
3,2.2280006669461727E-4,1.6998965293169022E-6
4,3.474999684840441E-4,1.300126314163208E-6
5,1.7010001465678215E-4,1.500127837061882E-6
6,1.851001288741827E-4,1.3997778296470642E-6
7,1.5820004045963287E-4,1.600012183189392E-6
8,1.3550021685659885E-4,1.300126314163208E-6
