Thread Count,Custom Sort,Collections.sort
1,2.674999996088445E-4,1.5310000162571669E-4
2,2.3710000095888972E-4,1.3970001600682735E-4
3,2.4500000290572643E-4,1.4829999417997897E-4
4,2.8670000028796494E-4,1.336999994236976E-4
5,3.141000051982701E-4,1.5529998927377164E-4
6,3.6849998286925256E-4,1.3800000306218863E-4
7,3.7769999471493065E-4,1.784999913070351E-4
8,3.638999769464135E-4,1.4730001566931605E-4
