Thread Count,Custom Sort,Collections.sort
1,0.0012162000057287514,0.0015617999888490885
2,0.001129999989643693,0.001559399999678135
3,7.975000189617276E-4,0.0015993000124581158
4,9.526000067126006E-4,0.0015708999999333173
5,7.784999907016754E-4,0.00157049999688752
6,6.799999973736703E-4,0.0015452999796252698
7,7.781999884173274E-4,0.001594500005012378
8,8.827999990899116E-4,0.0015851999924052507
