Thread Count,Custom Sort,Collections.sort
1,0.015162499999860302,0.01915249999728985
2,0.008147999993525445,0.01894539999193512
3,0.007990999991307035,0.018950199999380857
4,0.0067470999783836305,0.018830899993190542
5,0.005986200005281717,0.019087000022409484
6,0.006006299983710051,0.01894519999041222
7,0.006368400005158037,0.018876900023315102
8,0.006092800002079457,0.018998300016392022
