Thread Count,Custom Sort,Collections.sort
1,0.25905490000150166,0.259027199994307
2,0.1410355999832973,0.2655365999962669
3,0.1625200999842491,0.2585034999938216
4,0.12334760001976974,0.26069600001210347
5,0.10261040000477806,0.26333650000742637
6,0.09358159999828786,0.26157709999824874
7,0.1126726999937091,0.25945189999765716
8,0.11142970001674257,0.2603159999998752
