Thread Count,Custom Sort,Collections.sort
1,4.363591599976644,3.683591900160536
2,2.427426200127229,3.7148767998442054
3,2.41113100014627,3.7053988999687135
4,1.962781900074333,3.6821837997995317
5,1.915612099925056,3.6993821999058127
6,1.9006946999579668,3.6592649000231177
7,2.2399789998307824,3.5709778000600636
8,2.1872147999238223,3.5213432998862118
