Thread Count,Custom Sort,Collections.sort
1,0.001225399988470599,0.0015607999812345952
2,0.001048400008585304,0.001566799997817725
3,9.728999866638333E-4,0.0016113999881781638
4,8.734000148251653E-4,0.0016174999764189124
5,9.285999985877424E-4,0.0017433000029996037
6,0.001151599979493767,0.0015454000094905496
7,0.0010070000134874135,0.001589599996805191
8,0.0010946000111289322,0.00158379998174496
