Thread Count,Custom Sort,Collections.sort
1,2.5059981271624565E-4,1.7060013487935066E-4
2,2.4119997397065163E-4,1.4619994908571243E-4
3,2.4330010637640953E-4,1.471000723540783E-4
4,2.64100031927228E-4,1.4949985779821873E-4
5,2.96400161460042E-4,1.4450005255639553E-4
6,3.168000839650631E-4,1.2440001592040062E-4
7,4.0110014379024506E-4,1.4199991710484028E-4
8,4.471999127417803E-4,1.471000723540783E-4
