Array Length,Custom Sort,Collections.sort
1,8.311711899994407,6.758588900003815
2,5.334804500002065,6.818776400003117
3,5.364033899997594,6.825057599999127
4,4.490374199995131,6.7459882000039215
5,4.60515079999459,6.788563699999941
6,4.5449926999936,6.848870699999679
7,5.708470199999283,6.847842699993635
8,5.468871400000353,6.812437100001262
