Array Length,Custom Sort,Collections.sort
1,0.394142400000419,0.3638859999991837
2,0.22516029999678722,0.36627710000175284
3,0.2299217999971006,0.3691376999995555
4,0.16730240000470076,0.36141190000489587
5,0.20945799999753945,0.36668920000374783
6,0.17743999999947846,0.36623149999650195
7,0.22364889999880688,0.36670869999943534
8,0.22348239999701036,0.3592362999988836
