Thread Count,Custom Sort,Collections.sort
1,0.259329300140962,0.2550331000238657
2,0.15798019990324974,0.26001280010677874
3,0.1579359001480043,0.2737796001601964
4,0.10020250012166798,0.2688035999890417
5,0.09658959996886551,0.26301179989241064
6,0.09191569988615811,0.2609911998733878
7,0.1117480001412332,0.27302660001441836
8,0.0952103000599891,0.2661456000059843
