Thread Count,Custom Sort,Collections.sort
1,0.0012783999554812908,0.0015780001413077116
2,0.0010836999863386154,0.001511499984189868
3,0.0010263000149279833,0.0015517999418079853
4,7.666000165045261E-4,0.001559099880978465
5,7.13299959897995E-4,0.001560000004246831
6,9.302999824285507E-4,0.0015197000466287136
7,8.169999346137047E-4,0.001615599961951375
8,0.0010545998811721802,0.0015413998626172543
