Thread Count,Custom Sort,Collections.sort
1,0.015207499964162707,0.019005600130185485
2,0.0077257000375539064,0.018872000044211745
3,0.007723899791017175,0.018885500030592084
4,0.006162199890241027,0.018741799984127283
5,0.005954300053417683,0.018855500034987926
6,0.005837299861013889,0.01881340006366372
7,0.006174599984660745,0.019041499821469188
8,0.005469900090247393,0.01887740008533001
