Array Length,Custom Sort,Collections.sort
1,118.30211069999496,98.06884359999822
2,78.52720319999935,101.29026960000192
3,75.41681989999779,101.14283170000272
4,60.14688369999931,96.09236239999882
5,61.31479290000425,95.50326700000005
6,58.30346599999757,95.75354340000194
7,70.64462189999904,95.18707829999767
8,66.67940150000504,95.89186139999947
