Thread Count,Custom Sort,Collections.sort
1,4.251546599989524,3.5397346999961883
2,2.453132900001947,3.494215099985013
3,2.470295500010252,3.624841600016225
4,2.0969466000096872,3.5809104000218213
5,2.086173699994106,3.5083473999984562
6,2.0016887999954633,3.575954099971568
7,2.4748832999903243,3.5457161999947857
8,2.3305179000017233,3.564212500001304
