Thread Count,Custom Sort,Collections.sort
1,1.1330004781484604E-4,5.21000474691391E-5
2,1.7090002074837685E-4,1.5900004655122757E-5
3,1.7619994468986988E-4,1.400010660290718E-5
4,2.872999757528305E-4,3.160000778734684E-5
5,3.424999304115772E-4,1.7799902707338333E-5
6,3.092000260949135E-4,1.2600095942616463E-5
7,4.1229999624192715E-4,1.500011421740055E-5
8,4.1310000233352184E-4,1.2499978765845299E-5
