Thread Count,Custom Sort,Collections.sort
1,1.4570000348612666E-4,4.75000124424696E-5
2,2.3960001999512315E-4,1.7099984688684344E-5
3,2.400000230409205E-4,1.37000170070678E-5
4,2.2329998319037259E-4,1.3899989426136017E-5
5,3.863000019919127E-4,1.4899997040629387E-5
6,3.82099999114871E-4,1.8499995348975062E-5
7,4.1310000233352184E-4,1.5099998563528061E-5
8,3.7379999412223697E-4,2.030000905506313E-5
