Thread Count,Custom Sort,Collections.sort
1,3.2219989225268364E-4,1.3199867680668831E-5
2,1.9160006195306778E-4,1.3400102034211159E-5
3,1.9149994477629662E-4,3.899913281202316E-6
4,2.0360015332698822E-4,4.09991480410099E-6
5,1.829999964684248E-4,3.600027412176132E-6
6,1.6280007548630238E-4,2.6999041438102722E-6
7,1.5869992785155773E-4,2.800021320581436E-6
8,1.7450004816055298E-4,3.600027412176132E-6
