Thread Count,Custom Sort,Collections.sort
1,2.7799999224953353E-4,1.0199990356341004E-5
2,2.489000034984201E-4,1.829999382607639E-5
3,2.15300009585917E-4,4.8000074457377195E-6
4,2.2159999934956431E-4,4.399975296109915E-6
5,1.7410001601092517E-4,4.1000021155923605E-6
6,1.629000180400908E-4,2.6999914553016424E-6
7,1.6590001177974045E-4,2.7999922167509794E-6
8,1.6530000721104443E-4,3.300025127828121E-6
