Thread Count,Custom Sort,Collections.sort
1,0.3035633999388665,0.27291640010662377
2,0.1490428999532014,0.26343809999525547
3,0.14837750000879169,0.26540379994548857
4,0.10003459989093244,0.2643858001101762
5,0.10256470018066466,0.26530530001036823
6,0.10230929986573756,0.26127579994499683
7,0.1305394999217242,0.26005839998833835
8,0.11852109991014004,0.26615520007908344
