Thread Count,Custom Sort,Collections.sort
1,0.015746799996122718,0.01994230001582764
2,0.008231999992858618,0.019702699995832518
3,0.008250899991253391,0.019775399996433407
4,0.006818599998950958,0.01963289998820983
5,0.00630280000041239,0.019529799988958985
6,0.0060511000046972185,0.01972310000564903
7,0.007929400017019361,0.019608599977800623
8,0.006097700010286644,0.019537600019248202
