Array Length,Custom Sort,Collections.sort
1,0.4820112000015797,0.41917009999451693
2,0.3024520999970264,0.40343189999839524
3,0.29849019999528537,0.4082425000015064
4,0.2467319999996107,0.40323779999744147
5,0.23507850000169128,0.39750599999388214
6,0.2416268000015407,0.41996369999833405
7,0.32185800000297604,0.4150052000040887
8,0.29688110000279266,0.4140105999977095
