Thread Count,Custom Sort,Collections.sort
1,4.820315800025128,3.746225200011395
2,2.743556700006593,3.7540920000174083
3,2.749068000004627,3.7754690000147093
4,2.17256589999306,3.7849312000034843
5,2.1342073999985587,3.751462599990191
6,2.136381199990865,3.767972199973883
7,2.7249286999867763,3.795272000017576
8,2.4782884000160266,3.763732399995206
