Thread Count,Custom Sort,Collections.sort
1,0.015584700042381883,0.019883000059053302
2,0.010821799980476499,0.019665000028908253
3,0.008088300004601479,0.01963569992221892
4,0.006533199921250343,0.01957009988836944
5,0.006207700120285153,0.019735599867999554
6,0.005826600128784776,0.01959239994175732
7,0.006168900057673454,0.019664499908685684
8,0.005636499961838126,0.01952750002965331
