Thread Count,Custom Sort,Collections.sort
1,0.0012347002048045397,0.0016055998858064413
2,7.887999527156353E-4,0.0016014000866562128
3,8.050000760704279E-4,0.0016093000303953886
4,7.17399874702096E-4,0.0016072001308202744
5,6.991999689489603E-4,0.0016220000106841326
6,6.696998607367277E-4,0.0015974000561982393
7,7.603000849485397E-4,0.0016321998555213213
8,8.107000030577183E-4,0.001624800032004714
