Thread Count,Custom Sort,Collections.sort
1,0.26967749997857027,0.2616625000082422
2,0.14188440001453273,0.2598454999970272
3,0.14457649999530986,0.2614508999977261
4,0.13974280000547878,0.2562428000092041
5,0.0960583999985829,0.2591499999980442
6,0.08835010000620969,0.25713539999560453
7,0.10690650000469759,0.25972429997636937
8,0.09250490000704303,0.25764880000497214
