Thread Count,Custom Sort,Collections.sort
1,1.8999999156221747E-4,1.4799999189563096E-4
2,2.179000002797693E-4,1.3959998614154756E-4
3,2.7030002092942595E-4,1.422999775968492E-4
4,3.0739998328499496E-4,1.407999952789396E-4
5,3.1250002211891115E-4,1.5029998030513525E-4
6,3.892999957315624E-4,1.3139998191036284E-4
7,4.7400000039488077E-4,1.522000238765031E-4
8,3.795999800786376E-4,1.3950001448392868E-4
