Thread Count,Custom Sort,Collections.sort
1,0.001284700003452599,0.0016070999845396727
2,9.514999983366579E-4,0.0016327000048477203
3,9.546999935992062E-4,0.0016235999937634915
4,7.163000118453056E-4,0.001648699981160462
5,7.667999889235944E-4,0.0016013999993447214
6,7.128000142984092E-4,0.0016021000046748668
7,8.270999824162573E-4,0.002005799993639812
8,8.157999836839736E-4,0.0016552000015508384
