Array Length,Custom Sort,Collections.sort
1,0.024930999999924097,0.029439799996907823
2,0.014975999998569023,0.025933299999451265
3,0.013149400001566391,0.028652499997406267
4,0.009326599996711593,0.02778020000550896
5,0.00992240000050515,0.029190599998401012
6,0.009721900001750328,0.025772500004677568
7,0.013672000000951812,0.02782139999908395
8,0.013089800006127916,0.02565899999899557
