Thread Count,Custom Sort,Collections.sort
1,2.0779995247721672E-4,1.509999856352806E-4
2,1.6729999333620071E-4,1.495999749749899E-4
3,2.0499993115663528E-4,1.4590006321668625E-4
4,2.2300006821751595E-4,1.4839996583759785E-4
5,2.4290010333061218E-4,1.479999627918005E-4
6,2.9470003210008144E-4,1.2710015289485455E-4
7,4.143998958170414E-4,1.3120006769895554E-4
8,4.320000298321247E-4,1.1999998241662979E-4
