Array Length,Custom Sort,Collections.sort
1,9.580909199998132,6.756939499995497
2,5.8103693000011845,6.809173000001465
3,5.89085779999732,6.499955100000079
4,4.7957392999960575,6.466917199999443
5,5.055278599997109,6.474443400002201
6,4.980319900001632,6.472680900005798
7,6.127774699998554,6.465952300000936
8,6.046639500003948,6.4725593000039225
