Thread Count,Custom Sort,Collections.sort
1,4.433714899932966,3.7986538999248296
2,2.4813846999313682,3.8150082000065595
3,2.461032599909231,3.8122424001339823
4,1.953092799987644,3.8521175000350922
5,1.9114719000644982,3.786860299995169
6,1.916700700065121,3.785128999967128
7,2.3062040000222623,3.685734399827197
8,2.051226699957624,3.6113086999394
