Thread Count,Custom Sort,Collections.sort
1,1.192998606711626E-4,1.619989052414894E-5
2,1.5279999934136868E-4,2.1700048819184303E-5
3,1.6140006482601166E-4,1.2699980288743973E-5
4,2.163001336157322E-4,2.759997732937336E-5
5,3.72299924492836E-4,1.109996810555458E-5
6,2.3999996483325958E-4,1.1800089851021767E-5
7,2.8449995443224907E-4,1.2499978765845299E-5
8,2.687000669538975E-4,1.2899981811642647E-5
