Thread Count,Custom Sort,Collections.sort
1,2.25499999942258E-4,1.8399994587525725E-5
2,2.8810001094825566E-4,1.4099990949034691E-5
3,2.316000172868371E-4,1.6000005416572094E-5
4,2.2990000434219837E-4,1.9099999917671084E-5
5,2.445999998599291E-4,1.889999839477241E-5
6,2.6179998531006277E-4,1.7000013031065464E-5
7,3.0849999166093767E-4,3.0199997127056122E-5
8,4.964999970979989E-4,1.3499986380338669E-5
