Thread Count,Custom Sort,Collections.sort
1,2.6950001483783126E-4,3.6999990697950125E-6
2,3.08899994706735E-4,7.299997378140688E-6
3,2.28599994443357E-4,3.6999990697950125E-6
4,1.928000128827989E-4,2.6999914553016424E-6
5,1.8360000103712082E-4,1.800013706088066E-6
6,1.5219999477267265E-4,3.0999945010989904E-6
7,1.568000006955117E-4,1.600012183189392E-6
8,1.4999997802078724E-4,1.700012944638729E-6
