Thread Count,Custom Sort,Collections.sort
1,2.4220001068897545E-4,4.5000051613897085E-6
2,1.9950000569224358E-4,7.499998901039362E-6
3,1.3949998538009822E-4,3.4999975468963385E-6
4,1.849000109359622E-4,3.6999990697950125E-6
5,1.6490000416524708E-4,1.5999830793589354E-6
6,1.6589998267591E-4,1.800013706088066E-6
7,1.241000136360526E-4,1.9000144675374031E-6
8,1.647000026423484E-4,1.600012183189392E-6
