Thread Count,Custom Sort,Collections.sort
1,3.6079995334148407E-4,4.400033503770828E-6
2,2.039000391960144E-4,3.0999071896076202E-6
3,2.4880003184080124E-4,4.399800673127174E-6
4,1.83899886906147E-4,2.800021320581436E-6
5,1.6449997201561928E-4,2.00001522898674E-6
6,1.547001302242279E-4,1.400010660290718E-6
7,1.455000601708889E-4,1.400010660290718E-6
8,1.4409981667995453E-4,1.800013706088066E-6
